season,venue,matches,total_runs,total_wickets,avg_runs
2007/08,Dr DY Patil Sports Academy,4,1064.0,50.0,12.819277108433734
2007/08,Eden Gardens,7,1698.0,83.0,11.710344827586207
2007/08,Feroz Shah Kotla,6,1858.0,63.0,14.746031746031745
2007/08,M Chinnaswamy Stadium,7,1903.0,89.0,13.124137931034483
2007/08,"MA Chidambaram Stadium, Chepauk",7,2201.0,81.0,14.871621621621621
2007/08,"Punjab Cricket Association Stadium, Mohali",7,2335.0,81.0,16.103448275862068
2007/08,"Rajiv Gandhi International Stadium, Uppal",7,2262.0,83.0,15.708333333333334
2007/08,Sawai Mansingh Stadium,7,1940.0,87.0,13.287671232876713
2007/08,Wankhede Stadium,6,1548.0,73.0,12.793388429752065
2009,Buffalo Park,3,742.0,38.0,12.163934426229508
2009,De Beers Diamond Oval,3,858.0,39.0,13.838709677419354
2009,Kingsmead,15,4076.0,201.0,12.858044164037855
2009,New Wanderers Stadium,8,2184.0,92.0,13.39877300613497
2009,Newlands,7,1684.0,93.0,11.776223776223777
2009,OUTsurance Oval,2,488.0,25.0,11.348837209302326
2009,St George's Park,7,1904.0,77.0,13.222222222222221
2009,SuperSport Park,12,3440.0,133.0,13.815261044176706
2009/10,Barabati Stadium,2,647.0,31.0,14.704545454545455
2009/10,Brabourne Stadium,6,1858.0,74.0,15.105691056910569
2009/10,"Brabourne Stadium, Mumbai",1,333.0,7.0,16.65
2009/10,Dr DY Patil Sports Academy,6,1550.0,84.0,12.109375
2009/10,Eden Gardens,7,2058.0,70.0,14.391608391608392
2009/10,Feroz Shah Kotla,7,2048.0,97.0,13.653333333333334
2009/10,Himachal Pradesh Cricket Association Stadium,2,703.0,15.0,17.575
2009/10,M Chinnaswamy Stadium,7,2113.0,74.0,15.31159420289855
2009/10,"MA Chidambaram Stadium, Chepauk",7,2085.0,85.0,14.183673469387756
2009/10,"Punjab Cricket Association Stadium, Mohali",5,1538.0,62.0,14.50943396226415
2009/10,"Sardar Patel Stadium, Motera",4,1163.0,47.0,13.367816091954023
2009/10,Sawai Mansingh Stadium,3,836.0,31.0,13.26984126984127
2009/10,"Vidarbha Cricket Association Stadium, Jamtha",3,822.0,48.0,12.646153846153846
2011,Dr DY Patil Sports Academy,7,1876.0,82.0,12.675675675675675
2011,Eden Gardens,7,1732.0,72.0,12.19718309859155
2011,Feroz Shah Kotla,7,1754.0,74.0,12.439716312056738
2011,Himachal Pradesh Cricket Association Stadium,3,901.0,38.0,15.016666666666667
2011,Holkar Cricket Stadium,2,511.0,23.0,11.883720930232558
2011,M Chinnaswamy Stadium,6,1560.0,60.0,13.0
2011,"MA Chidambaram Stadium, Chepauk",9,2697.0,104.0,14.194736842105263
2011,Nehru Stadium,5,1286.0,62.0,12.018691588785046
2011,"Punjab Cricket Association Stadium, Mohali",4,1144.0,53.0,13.0
2011,"Rajiv Gandhi International Stadium, Uppal",7,2080.0,79.0,14.149659863945578
2011,Sawai Mansingh Stadium,7,1836.0,69.0,13.6
2011,Wankhede Stadium,9,2551.0,97.0,13.86413043478261
2012,Barabati Stadium,2,583.0,21.0,13.25
2012,Dr. Y.S. Rajasekhara Reddy ACA-VDCA Cricket Stadium,2,568.0,30.0,12.909090909090908
2012,Eden Gardens,7,1906.0,76.0,13.23611111111111
2012,Feroz Shah Kotla,8,2467.0,92.0,14.951515151515151
2012,Himachal Pradesh Cricket Association Stadium,2,503.0,23.0,11.976190476190476
2012,M Chinnaswamy Stadium,8,2536.0,97.0,14.744186046511627
2012,"MA Chidambaram Stadium, Chepauk",10,2957.0,111.0,14.216346153846153
2012,"Punjab Cricket Association Stadium, Mohali",6,1755.0,66.0,14.153225806451612
2012,"Rajiv Gandhi International Stadium, Uppal",4,1138.0,47.0,13.547619047619047
2012,Sawai Mansingh Stadium,8,2379.0,86.0,14.331325301204819
2012,Subrata Roy Sahara Stadium,9,2455.0,97.0,13.058510638297872
2012,Wankhede Stadium,8,2076.0,112.0,12.140350877192983
2013,Eden Gardens,8,2181.0,99.0,12.75438596491228
2013,Feroz Shah Kotla,8,2243.0,94.0,13.272189349112425
2013,Himachal Pradesh Cricket Association Stadium,2,613.0,28.0,14.595238095238095
2013,JSCA International Stadium Complex,2,540.0,25.0,12.55813953488372
2013,M Chinnaswamy Stadium,8,2337.0,86.0,14.163636363636364
2013,"MA Chidambaram Stadium, Chepauk",8,2527.0,90.0,14.95266272189349
2013,Maharashtra Cricket Association Stadium,1,222.0,18.0,10.090909090909092
2013,"Punjab Cricket Association Stadium, Mohali",6,1816.0,66.0,14.885245901639344
2013,"Rajiv Gandhi International Stadium, Uppal",8,1955.0,107.0,11.300578034682081
2013,Sawai Mansingh Stadium,8,2248.0,89.0,13.707317073170731
2013,Shaheed Veer Narayan Singh International Stadium,2,557.0,19.0,13.261904761904763
2013,Subrata Roy Sahara Stadium,7,1841.0,86.0,12.43918918918919
2013,Wankhede Stadium,8,2407.0,105.0,14.242603550295858
2014,Barabati Stadium,3,965.0,28.0,15.819672131147541
2014,Brabourne Stadium,1,338.0,11.0,16.095238095238095
2014,Dubai International Cricket Stadium,7,1942.0,79.0,12.946666666666667
2014,Eden Gardens,4,1227.0,44.0,14.783132530120483
2014,Feroz Shah Kotla,5,1418.0,44.0,13.634615384615385
2014,JSCA International Stadium Complex,4,1151.0,41.0,13.867469879518072
2014,M Chinnaswamy Stadium,6,2033.0,69.0,15.75968992248062
2014,"Punjab Cricket Association Stadium, Mohali",3,830.0,36.0,12.96875
2014,"Rajiv Gandhi International Stadium, Uppal",4,1289.0,35.0,15.16470588235294
2014,"Sardar Patel Stadium, Motera",4,1160.0,57.0,13.647058823529411
2014,Sharjah Cricket Stadium,6,1728.0,63.0,13.5
2014,Sheikh Zayed Stadium,7,1833.0,96.0,12.22
2014,Wankhede Stadium,6,2029.0,71.0,15.8515625
2015,Brabourne Stadium,3,1067.0,35.0,17.491803278688526
2015,Dr. Y.S. Rajasekhara Reddy ACA-VDCA Cricket Stadium,3,832.0,29.0,12.8
2015,Eden Gardens,7,2276.0,87.0,15.173333333333334
2015,Feroz Shah Kotla,5,1357.0,54.0,13.303921568627452
2015,JSCA International Stadium Complex,1,265.0,15.0,12.045454545454545
2015,M Chinnaswamy Stadium,7,1867.0,74.0,13.829629629629629
2015,"MA Chidambaram Stadium, Chepauk",7,2005.0,95.0,13.366666666666667
2015,Maharashtra Cricket Association Stadium,4,1156.0,56.0,13.28735632183908
2015,"Punjab Cricket Association Stadium, Mohali",4,1003.0,47.0,11.528735632183908
2015,"Rajiv Gandhi International Stadium, Uppal",4,1126.0,43.0,13.566265060240964
2015,"Sardar Patel Stadium, Motera",4,1266.0,41.0,15.25301204819277
2015,Shaheed Veer Narayan Singh International Stadium,2,544.0,18.0,12.952380952380953
2015,Wankhede Stadium,8,2663.0,97.0,15.482558139534884
2016,Dr. Y.S. Rajasekhara Reddy ACA-VDCA Cricket Stadium,6,1595.0,75.0,12.559055118110237
2016,Eden Gardens,7,1956.0,69.0,13.397260273972602
2016,Feroz Shah Kotla,7,2086.0,90.0,13.814569536423841
2016,Green Park,2,556.0,24.0,13.238095238095237
2016,M Chinnaswamy Stadium,9,3090.0,102.0,15.846153846153847
2016,Maharashtra Cricket Association Stadium,4,1327.0,42.0,15.797619047619047
2016,"Punjab Cricket Association IS Bindra Stadium, Mohali",7,2232.0,74.0,14.68421052631579
2016,"Rajiv Gandhi International Stadium, Uppal",7,1910.0,73.0,12.905405405405405
2016,Saurashtra Cricket Association Stadium,5,1479.0,50.0,14.93939393939394
2016,Shaheed Veer Narayan Singh International Stadium,2,563.0,23.0,13.404761904761905
2016,Wankhede Stadium,4,1168.0,44.0,13.581395348837209
2017,Eden Gardens,7,2071.0,90.0,13.71523178807947
2017,Feroz Shah Kotla,7,2268.0,89.0,15.12
2017,Green Park,2,680.0,25.0,16.585365853658537
2017,Holkar Cricket Stadium,3,976.0,22.0,16.0
2017,M Chinnaswamy Stadium,7,1700.0,92.0,11.333333333333334
2017,M.Chinnaswamy Stadium,1,288.0,17.0,13.090909090909092
2017,Maharashtra Cricket Association Stadium,7,2055.0,78.0,14.172413793103448
2017,"Punjab Cricket Association IS Bindra Stadium, Mohali",4,1184.0,41.0,14.439024390243903
2017,"Rajiv Gandhi International Stadium, Uppal",8,2419.0,98.0,14.31360946745562
2017,Saurashtra Cricket Association Stadium,5,1719.0,59.0,16.528846153846153
2017,Wankhede Stadium,8,2560.0,100.0,14.628571428571428
2018,Arun Jaitley Stadium,7,2285.0,80.0,15.233333333333333
2018,Eden Gardens,9,2779.0,119.0,14.398963730569948
2018,Holkar Cricket Stadium,4,1248.0,47.0,14.857142857142858
2018,M.Chinnaswamy Stadium,7,2463.0,80.0,16.20394736842105
2018,MA Chidambaram Stadium,1,395.0,11.0,17.954545454545453
2018,Maharashtra Cricket Association Stadium,6,1927.0,65.0,15.293650793650794
2018,Punjab Cricket Association IS Bindra Stadium,3,1052.0,31.0,16.184615384615384
2018,Rajiv Gandhi International Stadium,7,2035.0,90.0,13.75
2018,Sawai Mansingh Stadium,7,2054.0,87.0,13.97278911564626
2018,Wankhede Stadium,9,2860.0,112.0,14.895833333333334
2019,Arun Jaitley Stadium,7,2066.0,91.0,13.50326797385621
2019,Dr. Y.S. Rajasekhara Reddy ACA-VDCA Cricket Stadium,2,590.0,29.0,13.409090909090908
2019,Eden Gardens,7,2559.0,69.0,17.648275862068967
2019,M.Chinnaswamy Stadium,7,2145.0,82.0,14.395973154362416
2019,MA Chidambaram Stadium,8,2068.0,89.0,12.383233532934131
2019,Punjab Cricket Association IS Bindra Stadium,7,2282.0,73.0,15.63013698630137
2019,Rajiv Gandhi International Stadium,8,2404.0,100.0,14.30952380952381
2019,Sawai Mansingh Stadium,7,2180.0,69.0,14.72972972972973
2019,Wankhede Stadium,7,2313.0,83.0,15.42
2020/21,Dubai International Cricket Stadium,26,8023.0,313.0,14.40394973070018
2020/21,Sharjah Cricket Stadium,12,3909.0,131.0,15.698795180722891
2020/21,Sheikh Zayed Stadium,22,6634.0,233.0,14.14498933901919
2021,"Arun Jaitley Stadium, Delhi",4,1435.0,34.0,17.5
2021,Dubai International Cricket Stadium,13,3788.0,153.0,13.480427046263346
2021,"MA Chidambaram Stadium, Chepauk, Chennai",10,2881.0,131.0,13.462616822429906
2021,"Narendra Modi Stadium, Ahmedabad",5,1498.0,54.0,13.743119266055047
2021,Sharjah Cricket Stadium,10,2522.0,128.0,11.622119815668203
2021,"Wankhede Stadium, Mumbai",10,3231.0,124.0,15.385714285714286
2021,"Zayed Cricket Stadium, Abu Dhabi",8,2372.0,93.0,14.035502958579881
2022,"Brabourne Stadium, Mumbai",16,5164.0,204.0,15.099415204678362
2022,"Dr DY Patil Sports Academy, Mumbai",20,6199.0,254.0,14.517564402810304
2022,"Eden Gardens, Kolkata",2,723.0,19.0,16.813953488372093
2022,"Maharashtra Cricket Association Stadium, Pune",13,3913.0,175.0,13.875886524822695
2022,"Narendra Modi Stadium, Ahmedabad",2,555.0,23.0,13.214285714285714
2022,"Wankhede Stadium, Mumbai",21,6498.0,237.0,14.312775330396477
2023,"Arun Jaitley Stadium, Delhi",7,2222.0,88.0,13.974842767295597
2023,"Barsapara Cricket Stadium, Guwahati",2,694.0,25.0,14.76595744680851
2023,"Bharat Ratna Shri Atal Bihari Vajpayee Ekana Cricket Stadium, Lucknow",7,1774.0,92.0,11.44516129032258
2023,"Eden Gardens, Kolkata",7,2427.0,86.0,15.074534161490684
2023,"Himachal Pradesh Cricket Association Stadium, Dharamsala",2,757.0,21.0,16.822222222222223
2023,"M Chinnaswamy Stadium, Bengaluru",7,2543.0,86.0,15.60122699386503
2023,"MA Chidambaram Stadium, Chepauk, Chennai",9,2747.0,121.0,13.018957345971565
2023,"Narendra Modi Stadium, Ahmedabad",9,3140.0,115.0,15.392156862745098
2023,"Punjab Cricket Association IS Bindra Stadium, Mohali, Chandigarh",5,1758.0,60.0,15.155172413793103
2023,"Rajiv Gandhi International Stadium, Uppal, Hyderabad",7,2257.0,87.0,14.19496855345912
2023,"Sawai Mansingh Stadium, Jaipur",5,1502.0,58.0,13.531531531531531
2023,"Wankhede Stadium, Mumbai",7,2607.0,77.0,16.19254658385093
2024,"Arun Jaitley Stadium, Delhi",5,2151.0,71.0,18.228813559322035
2024,"Barsapara Cricket Stadium, Guwahati",1,286.0,14.0,11.916666666666666
2024,"Bharat Ratna Shri Atal Bihari Vajpayee Ekana Cricket Stadium, Lucknow",7,2295.0,84.0,14.079754601226995
2024,"Dr. Y.S. Rajasekhara Reddy ACA-VDCA Cricket Stadium, Visakhapatnam",2,738.0,28.0,15.702127659574469
2024,"Eden Gardens, Kolkata",7,2589.0,88.0,16.18125
2024,"Himachal Pradesh Cricket Association Stadium, Dharamsala",2,699.0,35.0,14.5625
2024,"M Chinnaswamy Stadium, Bengaluru",7,2497.0,93.0,15.133333333333333
2024,"MA Chidambaram Stadium, Chepauk, Chennai",9,2732.0,105.0,13.458128078817735
2024,"Maharaja Yadavindra Singh International Cricket Stadium, Mullanpur",5,1593.0,79.0,13.275
2024,"Narendra Modi Stadium, Ahmedabad",8,2615.0,92.0,14.368131868131869
2024,"Rajiv Gandhi International Stadium, Uppal, Hyderabad",6,2283.0,57.0,16.91111111111111
2024,"Sawai Mansingh Stadium, Jaipur",5,1771.0,47.0,15.954954954954955
2024,"Wankhede Stadium, Mumbai",7,2408.0,90.0,14.864197530864198
2025,"Arun Jaitley Stadium, Delhi",7,2612.0,85.0,16.636942675159236
2025,"Barsapara Cricket Stadium, Guwahati",2,633.0,26.0,14.386363636363637
2025,"Bharat Ratna Shri Atal Bihari Vajpayee Ekana Cricket Stadium, Lucknow",8,2914.0,87.0,15.923497267759563
2025,"Dr. Y.S. Rajasekhara Reddy ACA-VDCA Cricket Stadium, Visakhapatnam",2,715.0,30.0,15.212765957446809
2025,"Eden Gardens, Kolkata",7,2372.0,78.0,16.027027027027028
2025,"Himachal Pradesh Cricket Association Stadium, Dharamsala",2,538.0,13.0,16.8125
2025,"M Chinnaswamy Stadium, Bengaluru",5,1619.0,59.0,13.956896551724139
2025,"MA Chidambaram Stadium, Chepauk, Chennai",6,1792.0,83.0,12.8
2025,"Maharaja Yadavindra Singh International Cricket Stadium, Mullanpur",5,1429.0,65.0,12.213675213675213
2025,"Maharaja Yadavindra Singh International Cricket Stadium, New Chandigarh",1,419.0,11.0,18.217391304347824
2025,"Narendra Modi Stadium, Ahmedabad",9,3432.0,116.0,16.34285714285714
2025,"Rajiv Gandhi International Stadium, Uppal, Hyderabad",6,2037.0,63.0,15.790697674418604
2025,"Sawai Mansingh Stadium, Jaipur",7,2560.0,67.0,16.41025641025641
2025,"Wankhede Stadium, Mumbai",7,2237.0,90.0,13.723926380368098
